Frequency,600 MHz,,Time,50,,Path,Land,,,
,,,,,,,,,,
,,,,,,,,,,
,,H(m),,,,,,,,Max Field 
 ,km,10,20,37.5,75,150,300,600,1200,dBuV/m
 ,1,92.681,94.868,97.072,99.699,102.345,104.591,106.007,106.629,106.900
,2,81.108,84.291,87.092,90.356,93.803,97.071,99.417,100.484,100.879
,3,73.480,77.690,81.046,84.741,88.624,92.462,95.443,96.866,97.358
,4,67.693,72.675,76.575,80.667,84.877,89.107,92.562,94.285,94.859
,5,63.064,68.556,72.942,77.421,81.920,86.457,90.290,92.275,92.921
,6,59.229,65.047,69.834,74.687,79.459,84.256,88.406,90.626,91.337
,7,55.965,61.992,67.096,72.296,77.333,82.365,86.792,89.227,89.998
,8,53.130,59.293,64.640,70.152,75.447,80.700,85.376,88.010,88.838
,9,50.628,56.879,62.410,68.195,73.739,79.204,84.110,86.933,87.815
,10,48.393,54.701,60.370,66.387,72.167,77.839,82.961,85.965,86.900
,11,46.377,52.719,58.489,64.702,70.703,76.576,81.907,85.085,86.072
,12,44.542,50.904,56.748,63.122,69.327,75.396,80.928,84.279,85.316
,13,42.862,49.230,55.127,61.633,68.022,74.282,80.013,83.533,84.621
,14,41.315,47.680,53.613,60.224,66.780,73.223,79.148,82.838,83.977
,15,39.883,46.237,52.192,58.888,65.590,72.209,78.327,82.187,83.378
,16,38.553,44.890,50.856,57.617,64.447,71.233,77.541,81.574,82.818
,17,37.312,43.626,49.594,56.404,63.345,70.289,76.786,80.993,82.291
,18,36.151,42.437,48.399,55.244,62.280,69.373,76.056,80.441,81.795
,19,35.062,41.315,47.265,54.133,61.250,68.480,75.346,79.914,81.325
,20,34.038,40.254,46.185,53.066,60.250,67.607,74.655,79.408,80.879
,25,29.704,35.679,41.448,48.276,55.634,63.479,71.375,77.129,78.941
,30,26.339,31.999,37.521,44.162,51.501,59.617,68.237,75.108,77.358
,35,23.638,28.930,34.148,40.517,47.713,55.935,65.125,73.200,76.019
,40,21.411,26.304,31.182,37.224,44.194,52.395,61.999,71.296,74.859
,45,19.531,24.013,28.535,34.219,40.906,48.992,58.862,69.318,73.836
,50,17.910,21.986,26.151,31.464,37.834,45.734,55.739,67.213,72.921
,55,16.485,20.173,23.991,28.936,34.972,42.632,52.661,64.966,72.093
,60,15.211,18.536,22.027,26.616,32.314,39.698,49.656,62.591,71.337
,65,14.051,17.044,20.233,24.486,29.852,36.938,46.748,60.122,70.642
,70,12.982,15.675,18.588,22.530,27.578,34.354,43.955,57.601,69.998
,75,11.982,14.407,17.071,20.730,25.477,31.941,41.287,55.065,69.399
,80,11.037,13.223,15.666,19.068,23.536,29.694,38.752,52.542,68.838
,85,10.136,12.111,14.357,17.527,21.739,27.602,36.351,50.056,68.312
,90,9.269,11.059,13.129,16.093,20.070,25.654,34.083,47.624,67.815
,95,8.429,10.056,11.972,14.751,18.515,23.837,31.944,45.257,67.346
,100,7.612,9.095,10.874,13.489,17.061,22.138,29.928,42.964,66.900
,110,6.030,7.273,8.825,11.164,14.407,19.050,26.235,38.617,66.072
,120,4.498,5.556,6.929,9.049,12.026,16.304,22.941,34.601,65.316
,130,3.004,3.915,5.147,7.093,9.855,13.830,19.982,30.910,64.621
,140,1.541,2.336,3.455,5.261,7.848,11.571,17.302,27.523,63.977
,150,0.103,0.805,1.834,3.528,5.972,9.484,14.854,24.413,63.378
,160,-1.311,-0.684,0.272,1.873,4.200,7.538,12.597,21.550,62.818
,170,-2.702,-2.137,-1.241,0.285,2.516,5.707,10.500,18.905,62.291
,180,-4.070,-3.557,-2.710,-1.246,0.904,3.972,8.537,16.452,61.795
,190,-5.417,-4.945,-4.140,-2.728,-0.646,2.319,6.689,14.166,61.325
,200,-6.741,-6.305,-5.534,-4.166,-2.141,0.736,4.938,12.027,60.879
,225,-9.955,-9.585,-8.880,-7.594,-5.677,-2.969,0.905,7.208,59.856
,250,-13.033,-12.709,-12.047,-10.819,-8.976,-6.385,-2.743,2.977,58.941
,275,-15.981,-15.689,-15.059,-13.871,-12.081,-9.573,-6.099,-0.816,58.113
,300,-18.809,-18.541,-17.934,-16.774,-15.023,-12.577,-9.227,-4.275,57.358
,325,-21.529,-21.277,-20.688,-19.550,-17.827,-15.427,-12.172,-7.473,56.662
,350,-24.151,-23.913,-23.336,-22.214,-20.514,-18.150,-14.966,-10.466,56.019
,375,-26.687,-26.459,-25.893,-24.784,-23.101,-20.764,-17.637,-13.294,55.419
,400,-29.150,-28.930,-28.371,-27.273,-25.603,-23.288,-20.207,-15.988,54.859
,425,-31.550,-31.336,-30.784,-29.694,-28.035,-25.737,-22.692,-18.575,54.332
,450,-33.896,-33.688,-33.141,-32.057,-30.407,-28.124,-25.108,-21.074,53.836
,475,-36.198,-35.995,-35.452,-34.374,-32.730,-30.459,-27.467,-23.501,53.366
,500,-38.464,-38.264,-37.724,-36.651,-35.013,-32.752,-29.780,-25.872,52.921
,525,-40.700,-40.503,-39.966,-38.896,-37.264,-35.010,-32.055,-28.195,52.497
,550,-42.911,-42.717,-42.183,-41.116,-39.488,-37.241,-34.301,-30.481,52.093
,575,-45.104,-44.912,-44.379,-43.315,-41.691,-39.450,-36.522,-32.737,51.707
,600,-47.281,-47.090,-46.560,-45.498,-43.877,-41.641,-38.723,-34.968,51.337
,625,-49.445,-49.256,-48.727,-47.667,-46.049,-43.817,-40.908,-37.178,50.982
,650,-51.598,-51.411,-50.883,-49.825,-48.209,-45.981,-43.080,-39.373,50.642
,675,-53.743,-53.556,-53.030,-51.974,-50.359,-48.135,-45.240,-41.552,50.314
,700,-55.878,-55.693,-55.168,-54.113,-52.500,-50.278,-47.390,-43.719,49.998
,725,-58.005,-57.821,-57.297,-56.243,-54.632,-52.412,-49.529,-45.873,49.693
,750,-60.123,-59.939,-59.416,-58.363,-56.753,-54.536,-51.657,-48.015,49.399
,775,-62.230,-62.047,-61.524,-60.472,-58.864,-56.649,-53.774,-50.144,49.114
,800,-64.325,-64.143,-63.620,-62.569,-60.962,-58.748,-55.877,-52.258,48.838
,825,-66.405,-66.224,-65.702,-64.652,-63.045,-60.834,-57.966,-54.355,48.571
,850,-68.469,-68.288,-67.767,-66.717,-65.112,-62.901,-60.037,-56.435,48.312
,875,-70.514,-70.334,-69.813,-68.764,-67.159,-64.950,-62.088,-58.493,48.060
,900,-72.537,-72.356,-71.836,-70.787,-69.183,-66.975,-64.116,-60.528,47.815
,925,-74.534,-74.354,-73.834,-72.786,-71.182,-68.975,-66.118,-62.537,47.577
,950,-76.502,-76.323,-75.803,-74.755,-73.152,-70.946,-68.091,-64.515,47.346
,975,-78.439,-78.259,-77.740,-76.693,-75.090,-72.885,-70.031,-66.461,47.120
,1000,-80.340,-80.161,-79.642,-78.595,-76.993,-74.789,-71.937,-68.371,46.900
,,,,,,,,,,
